User_id,,,,,
User 9,2022/4/20,,,,
User 24,2021/12/22,,,,
User 28,2022/1/8,2022/1/22,2022/1/31,,
User 33,2022/3/21,,,,
User 34,2022/4/13,2022/6/13,,,
User 43,2021/11/30,2021/12/17,2021/12/31,,
User 61,2021/9/24,2021/10/7,2022/5/9,,
User 66,2022/1/8,2022/1/18,2022/2/12,,
User 72,2022/4/28,2022/5/11,,,
User 75,2022/5/30,,,,
User 76,2022/1/20,2022/3/25,,,
User 92,2022/2/26,2022/5/14,2022/5/29,,
User 98,2022/5/26,,,,
User 105,2022/1/21,,,,
User 114,2022/4/16,,,,
User 124,2021/10/29,2021/11/19,2021/11/30,2021/12/8,2021/12/30
User 128,2022/5/19,,,,
User 144,2022/1/1,,,,
User 151,2022/3/15,2022/3/26,,,
User 154,2021/9/29,,,,
User 157,2021/10/13,,,,
User 162,2022/3/19,2022/4/1,,,
User 177,2022/3/14,2022/3/24,2022/4/14,,
User 181,2022/4/10,2022/3/16,2022/5/9,,
User 183,2021/7/31,2021/9/1,2021/9/30,2021/10/28,
User 191,2022/4/20,,,,
User 206,2022/3/24,2022/4/1,,,
User 213,2022/2/9,2022/2/22,,,
User 215,2021/10/21,,,,
User 224,2022/2/24,2022/4/22,2022/4/28,,
User 226,2022/3/4,2022/6/3,,,
User 233,2022/3/20,2022/4/29,,,
User 242,2022/5/23,2022/6/11,,,
User 246,2021/11/6,,,,
User 249,2021/12/28,,,,
User 252,2021/9/8,2021/10/2,2021/12/3,2022/4/18,
User 261,2021/8/17,2021/9/3,2021/9/29,2021/12/17,
User 274,2021/12/16,,,,
User 278,2021/12/31,,,,
User 283,2022/1/17,2022/2/1,2022/4/20,,
User 295,2022/4/10,2022/5/3,2022/6/1,,
User 297,2021/8/31,2021/9/4,2021/9/16,,
User 299,2021/12/29,2022/5/11,,,
User 302,2022/5/2,,,,
User 305,2022/3/10,,,,
User 319,2022/4/23,,,,
User 320,2022/4/1,2022/4/16,,,
User 330,2022/3/3,,,,
User 332,2022/1/20,2022/2/3,2022/3/20,2022/4/1,
User 335,2021/8/28,,,,
User 337,2021/12/31,,,,
User 347,2022/4/1,,,,
User 356,2022/1/20,,,,
User 360,2022/2/13,2022/2/27,2022/3/28,,
User 362,2021/11/18,2021/12/1,2022/4/29,,
User 371,2022/3/7,,,,
User 382,2021/12/18,2022/2/4,2022/2/16,2022/5/16,
User 400,2022/1/6,2022/1/14,,,
User 405,2022/1/6,2021/11/13,2022/2/5,,
User 417,2021/12/27,,,,
User 429,2022/1/22,2022/3/31,2022/4/10,,
User 449,2021/12/3,,,,
User 452,2022/1/7,2022/1/21,,,
User 454,2022/5/19,,,,
User 455,2021/9/19,,,,
User 472,2021/12/20,2022/1/19,2022/2/4,,
User 473,2021/12/20,2022/1/13,,,
User 481,2022/4/30,,,,
User 483,2022/3/28,2022/5/5,2022/5/13,,
User 486,2021/9/8,,,,
User 487,2022/1/23,2022/3/5,,,
User 488,2021/10/21,,,,
User 489,2021/8/11,,,,
User 492,2022/3/18,2022/5/20,,,
User 499,2021/12/30,2022/1/29,,,
User 508,2021/11/10,2021/11/26,2021/12/10,2022/6/25,
User 509,2022/3/23,2022/4/1,,,
User 516,2021/8/26,2021/9/23,2021/12/18,2021/12/27,
User 517,2021/11/18,2022/2/1,,,
User 522,2022/4/15,2022/4/29,,,
User 531,2022/2/5,2022/2/28,,,
User 547,2022/3/30,,,,
User 552,2022/5/13,,,,
User 555,2021/12/25,2022/1/4,2022/1/25,,
User 557,2021/8/16,2021/9/12,,,
User 558,2022/2/24,2022/3/15,,,
User 559,2021/8/6,2021/9/16,2021/10/19,,
User 560,2022/1/1,2022/1/10,2022/3/18,,
User 577,2021/11/1,2021/11/20,,,
User 579,2022/2/22,2022/3/27,2022/4/1,,
User 609,2021/9/20,,,,
User 613,2022/1/31,2022/2/16,2022/3/9,,
User 617,2021/11/21,2022/1/1,,,
User 618,2022/1/25,,,,
User 621,2022/4/14,2022/5/5,2022/6/1,,
User 625,2021/12/2,2022/1/2,,,
User 633,2021/9/2,2021/10/29,2022/2/8,,
User 634,2022/3/31,,,,
User 643,2022/2/26,2022/3/18,2022/5/1,,
User 646,2022/5/26,,,,
User 648,2021/11/10,2021/12/10,2021/12/23,2021/12/31,
User 659,2021/9/10,,,,
User 661,2021/11/10,,,,
User 663,2022/1/24,2022/2/17,2022/4/12,,
User 668,2021/12/1,2022/1/1,,,
User 673,2022/2/15,,,,
User 680,2022/4/8,,,,
User 691,2022/5/12,,,,
User 696,2021/12/30,,,,
User 700,2022/4/26,,,,
User 711,2022/3/2,2022/3/11,2022/4/1,,
User 714,2022/3/14,,,,
User 719,2022/3/24,2022/4/1,2022/4/10,2022/5/5,
User 729,2022/1/9,2022/3/9,,,
User 732,2022/3/27,2022/4/1,2022/4/30,,
User 734,2021/9/18,2021/10/1,2021/10/7,,
User 748,2021/9/12,2021/9/22,2022/3/2,,
User 749,2021/9/1,2021/8/16,2022/4/9,,
User 750,2022/2/24,2022/3/12,2022/4/11,,
User 754,2022/3/4,,,,
User 759,2021/11/21,2022/4/1,,,
User 768,2022/1/6,,,,
User 770,2021/12/24,,,,
User 779,2021/8/20,,,,
User 783,2022/4/30,,,,
User 788,2022/3/24,2022/4/2,,,
User 790,2021/9/8,,,,
User 791,2022/5/2,,,,
User 794,2022/2/2,2022/5/23,2022/6/9,,
User 804,2022/3/4,2022/3/12,2022/3/31,,
User 805,2022/4/29,2022/5/14,2022/5/19,,
User 813,2022/1/15,2022/1/27,,,
User 816,2021/10/26,,,,
User 818,2022/2/15,2022/3/20,,,
User 820,2022/5/18,,,,
User 824,2022/1/13,,,,
User 832,2022/4/29,,,,
User 835,2021/9/27,2021/11/30,,,
User 837,2021/11/18,2021/11/26,2021/12/3,,
User 839,2021/8/30,2021/9/29,2021/11/3,2021/8/2,2022/1/3
User 843,2021/12/10,2021/12/31,2021/12/25,,
User 854,2022/5/11,2022/6/5,,,
User 855,2022/1/22,,,,
User 858,2022/3/4,2022/3/22,2022/5/16,,
User 859,2021/7/27,2021/8/28,2021/9/5,,
User 860,2022/4/11,,,,
User 867,2022/1/12,2022/3/19,,,
User 868,2022/5/21,2022/5/24,,,
User 872,2021/9/27,2021/11/1,2021/11/16,,
User 882,2021/10/10,2021/11/2,2021/11/18,,
User 883,2021/8/12,2021/8/23,,,
User 888,2021/8/15,2021/9/3,2021/11/2,2022/1/16,
User 898,2022/1/23,,,,
User 899,2022/2/19,,,,
User 903,2021/12/26,2022/1/26,,,
User 905,2021/12/27,2022/1/1,,,
User 915,2022/1/27,,,,
User 926,2021/12/10,2021/12/24,,,
User 927,2022/3/18,2022/3/29,,,
User 929,2021/12/16,2021/12/23,,,
User 931,2021/9/22,2021/10/5,,,
User 942,2021/10/9,2021/12/8,2022/1/4,,
User 943,2021/11/13,2022/2/2,2022/2/28,2022/5/2,2022/5/12
User 948,2022/4/30,,,,
User 949,2021/9/23,,,,
User 950,2022/4/12,2022/4/24,2022/5/2,,
User 958,2021/10/24,2022/4/24,,,
User 961,2022/4/27,,,,
User 964,2021/11/28,2021/12/11,2021/12/24,,
User 969,2021/11/30,,,,
User 971,2021/11/18,2021/11/23,,,
User 973,2021/10/31,,,,
User 985,2022/1/31,2022/3/18,,,
User 987,2022/1/23,2022/4/17,,,
User 994,2022/3/21,2022/4/2,,,
User 1006,2021/8/18,2021/9/1,2022/3/10,,
User 1009,2021/12/14,2022/2/1,2022/5/29,,
User 1010,2022/4/26,,,,
User 1020,2022/5/10,2022/5/16,,,
User 1027,2022/4/1,,,,
User 1036,2022/2/25,2022/3/18,,,
User 1042,2021/9/30,2021/10/19,2021/10/29,,
User 1047,2022/1/26,,,,
User 1049,2022/3/25,,,,
User 1056,2021/10/27,2021/12/4,2021/12/12,,
User 1064,2021/10/21,2022/4/7,,,
User 1066,2021/9/6,2021/9/29,,,
User 1070,2022/1/26,,,,
User 1075,2021/10/6,2021/10/29,2021/11/29,2022/1/18,
User 1076,2022/4/2,2022/6/1,,,
User 1080,2021/9/29,,,,
User 1085,2021/11/23,2021/12/15,,,
User 1092,2022/3/17,,,,
User 1097,2021/8/11,2021/9/1,,,
User 1115,2021/12/23,,,,
User 1120,2022/3/31,,,,
User 1124,2021/12/25,,,,
User 1131,2021/12/3,2021/12/19,,,
User 1132,2022/1/1,,,,
User 1144,2021/11/18,2021/12/27,2022/1/15,,
User 1148,2022/3/25,,,,
User 1153,2021/11/4,,,,
User 1162,2022/3/7,2022/5/23,,,
User 1163,2021/9/5,2021/12/23,2022/1/7,2022/2/8,2022/4/8
User 1176,2021/9/1,2021/12/10,2021/12/31,,
User 1180,2021/10/4,2021/11/7,,,
User 1182,2021/9/9,2022/3/8,,,
User 1188,2022/1/8,,,,
User 1199,2022/1/9,,,,
User 1202,2022/2/25,2022/3/6,2022/3/13,,
User 1205,2022/3/10,2022/3/16,2022/3/27,2022/4/15,
User 1209,2022/2/24,,,,
User 1226,2022/5/13,,,,
User 1228,2021/9/30,2021/10/18,,,
User 1230,2021/11/11,,,,
User 1234,2022/4/30,,,,
User 1236,2021/11/21,2021/12/31,,,
User 1240,2021/8/10,2021/8/24,2021/9/27,2021/10/5,2021/10/19
User 1244,2021/12/24,,,,
User 1254,2022/1/2,2022/2/3,,,
User 1275,2021/9/27,2021/11/3,2021/11/16,,
User 1282,2021/11/4,,,,
User 1305,2021/12/19,2022/7/1,,,
User 1306,2022/5/19,,,,
User 1307,2022/1/18,,,,
User 1312,2021/11/1,,,,
User 1318,2021/7/18,2021/9/16,,,
User 1332,2021/10/28,2021/11/26,,,
User 1334,2021/12/6,2022/2/2,,,
User 1337,2022/4/25,2022/4/28,,,
User 1342,2021/8/8,2021/8/26,2021/9/5,2021/9/22,
User 1352,2022/2/15,,,,
User 1353,2021/10/22,,,,
User 1360,2021/7/26,2021/8/24,2021/9/28,,
User 1366,2021/10/22,2021/12/28,,,
User 1370,2022/2/15,2022/2/28,,,
User 1372,2021/9/19,2021/10/5,2021/11/20,,
User 1373,2022/5/4,2022/5/25,,,
User 1382,2021/10/21,,,,
User 1385,2021/12/15,2021/12/31,,,
User 1401,2022/2/22,,,,
User 1408,2022/3/19,,,,
User 1410,2021/12/4,2022/1/4,2022/3/3,,
User 1411,2021/12/9,,,,
User 1422,2021/12/26,2021/12/31,,,
User 1423,2021/8/24,,,,
User 1433,2021/12/3,,,,
User 1435,2021/12/25,2022/3/1,2022/3/31,2022/4/26,
User 1438,2021/10/19,2021/11/2,,,
User 1454,2021/12/8,2022/1/8,,,
